1;' pc sobremesa'
2;' pc gaming'
3;' pc neo office'
4;' pc neo workstation'
5;' pc neo powered by asus'
6;' pc neo aorus inside'
7;' pc neo nzxt edition'
8;' pc neo corsair blackflag'
9;' pc neo msi dragonclaw'
10;' pc all in one'
11;' mini pcs'
12;' configurador'
13;' pc gaming menos de 1000'
14;' pc gaming entre 1000 1500'
15;' pc gaming mas de 1500'
16;' ordenadores portatiles'
17;' ultrabooks'
18;' portatiles gaming'
19;' portatiles workstation'
20;' accesorios portatiles'
21;' maletines fundas mochilas'
22;' zona apple'
23;' portatiles asus'
24;' portatiles acer'
25;' portatiles lenovo'
26;' portatiles msi'
27;' portatiles hp'
28;' portatiles samsung'
29;' portatiles gigabyte'
30;' portatiles razer'
31;' procesadores'
32;' placas base'
33;' memorias ram'
34;' ventilacion'
35;' discos duros'
36;' tarjetas graficas'
37;' cajas de ordenador'
38;' fuentes de alimentacion'
39;' grabadoras dvd blu ray'
40;' tarjetas de sonido'
41;' capturadoras de video'
42;' conectividad'
43;' cables internos'
44;' sistemas operativos'
45;' aplicaciones'
46;' antivirus'
47;' portatiles gaming'
48;' pc gaming'
49;' ratones gaming'
50;' teclados gaming'
51;' auriculares gaming'
52;' monitores gaming'
53;' alfombrillas gaming'
54;' routers gaming'
55;' sillas gaming oficina'
56;' mesas gaming'
57;' consolas y videojuegos'
58;' streaming'
59;' pc overwatch'
60;' pc fortnite'
61;' pc gta'
62;' pc minecraft'
63;' pc flight simulator'
64;' pc league of legends'
65;' pc call of duty'
66;' pc battlefield'
67;' pc apex'
68;' pc para diablo iv'
69;' teclados'
70;' altavoces'
71;' ratones'
72;' monitores'
73;' auriculares'
74;' camaras web webcam'
75;' impresoras'
76;' gamepads y joysticks'
77;' tabletas graficas'
78;' sais'
79;' tpv punto de venta'
80;' escaners'
81;' herramientas montaje pc'
82;' microfonos'
83;' zona apple'
84;' monitores aoc'
85;' monitores asus'
86;' monitores benq'
87;' monitores corsair'
88;' monitores gigabyte'
89;' monitores iiyama'
90;' monitores lg'
91;' monitores msi'
92;' monitores ozone'
93;' monitores philips'
94;' monitores samsung'
95;' monitores zowie'
96;' cajas externas'
97;' servidores nas'
98;' discos duros externos'
99;' pendrives memorias usb'
100;' accesorios almacenamiento'
101;' lectores de tarjetas'
102;' memorias flash'
103;' grabadoras dvd blu ray externas'
104;' consumibles dvd'
105;' adaptadores plc'
106;' antenas'
107;' bluetooth'
108;' cables de red'
109;' puntos de acceso repetidores'
110;' routers'
111;' servidores de impresion'
112;' switches'
113;' tarjetas de red wi fi'
114;' camaras ip videovigiliancia'
115;' accesorios para servidores'
116;' wifi mesh'
117;' smartphones moviles'
118;' accesorios smartphones'
119;' tablets'
120;' accesorios tablets'
121;' powerbanks cargadores'
122;' smartwatch'
123;' altavoces'
124;' auriculares'
125;' televisores baratos'
126;' proyectores'
127;' gadgets'
128;' cocina'
129;' cuidado personal'
130;' climatización'
131;' ergonomía y bienestar'
132;' planchado y cuidado de ropa'
133;' oficina'
134;' hogar inteligente'
135;' limpieza de hogar'
136;' configurador'
137;' pc gaming'
138;' pc neo'
139;' pc neo gaming por precio'
140;' ordenadores portatiles'
141;' portatiles por marca'
142;' pc sobremesa'
143;' componentes'
144;' gaming'
145;' perifericos'
146;' redes'
147;' smartphone tablet'
148;' televisores baratos'
149;' hogar y oficina'